,Instance,n_N,n_B,k,wL,Lazy,A4,Init,Gap,Runtime,NodeCount,ObjVal,Runtime_h,Runtime_h2,ObjVal_h,ObjVal_h2
0,0,10,2,1,0,False,False,False,8.451459576711884e-05,1.9235141277313232,35.0,340.64569370707625,,,,
1,0,10,2,1,0,False,False,True,2.607538417283707e-05,3.6122000217437744,1167.0,339.7558298056856,0.04894900321960449,0.3623361587524414,481.12605247887865,453.96554852739513
2,0,10,4,1,0,False,False,False,6.051242553890438e-06,13.388832092285156,1392.0,349.89360689541843,,,,
3,0,10,4,1,0,False,False,True,7.11996356243351e-05,4.437802076339722,1224.0,341.2405910387136,0.16904592514038086,0.5849549770355225,520.360497118874,488.7573008738384
4,0,10,10,1,0,False,False,False,6.1953021909643e-05,91.60881400108337,4388.0,347.91025411015937,,,,
5,0,10,10,1,0,False,False,True,9.265591844563294e-05,75.23675084114075,4080.0,355.69784234202905,0.43524694442749023,31.223214864730835,440.43467659692413,430.51749370922596
6,0,10,10,1,0,False,True,False,0.0,4.074387073516846,509.0,396.37248856474866,,,,
