,Instance,n_N,n_B,k,wL,Lazy,A4,Init,Gap,Runtime,NodeCount,ObjVal,Runtime_h,Runtime_h2,ObjVal_h,ObjVal_h2
0,0,10,2,1,0,False,False,False,3.608015645573496e-06,7.992754936218262,3312.0,342.1768006687647,,,,
1,0,10,2,1,0,False,False,True,7.8735529994107e-05,10.987409830093384,8901.0,339.66599516263943,0.007939815521240234,0.009881973266601562,481.1260524788786,968.4491397816079
2,0,10,4,1,0,False,False,False,8.949754312504438e-05,14.348442077636719,9405.0,345.8328989807517,,,,
3,0,10,4,1,0,False,False,True,4.739999659686214e-06,15.025276899337769,6081.0,341.1463870141636,0.010519027709960938,0.018889904022216797,520.360497118874,776.1466078303192
4,0,10,10,1,0,False,False,False,7.169288240225658e-06,277.88289308547974,72148.0,347.8432075289712,,,,
5,0,10,10,1,0,False,False,True,5.338918232198002e-06,74.61175107955933,27538.0,354.94816833617637,0.07380795478820801,0.05083799362182617,440.4346765969242,499.46022881685053
