,Instance,n_N,n_B,k,wL,Lazy,A4,Init,Gap,Runtime,NodeCount,ObjVal,Runtime_h,Runtime_h2,ObjVal_h,ObjVal_h2
0,0,10,4,1,0,False,False,True,4.739999659686214e-06,15.155970096588135,6081.0,341.1463870141636,0.012625932693481445,0.021877050399780273,520.360497118874,776.1466078303192
1,0,10,10,1,0,False,False,False,,,,,,,,
