,Instance,n_N,n_B,k,Endurance,wE,wL,Gap,Runtime,NodeCount,ObjVal,Runtime_h,ObjVal_h
0,0.0,10.0,21.0,1.0,100.0,1.0,50.0,2.7118676285076063e-05,1318.7560625076294,1.0,943.5838188467748,,
1,0.0,10.0,21.0,1.0,200.0,1.0,50.0,0.0,1242.1786947250366,1.0,943.5836018912274,,
2,0.0,10.0,21.0,1.0,500.0,1.0,50.0,0.0,1196.30663895607,1.0,943.5836034658853,,
3,0.0,10.0,21.0,1.0,100.0,1.0,50.0,2.7118676285076063e-05,1275.6350169181824,1.0,943.5838188467748,,
4,0.0,10.0,21.0,1.0,200.0,1.0,50.0,0.0,1213.4176630973816,1.0,943.5836018912274,,
