,Instance,n_N,n_B,k,Single,wL,Lazy,A4,Init,Gap,Runtime,NodeCount,ObjVal,Runtime_h,Runtime_h2,ObjVal_h,ObjVal_h2
0,1,10,2,1,True,0,False,False,2.8899381139767434e-05,2.9004180431365967,1.0,345.512224575426,,,,,
1,1,10,2,1,True,0,False,False,2.9599189731405163e-05,1.9858810901641846,1188.0,345.50572547530385,,0.014198064804077148,0.011664152145385742,362.9572721355091,362.957272135509
2,1,10,4,1,True,0,False,False,1.4370254297144783e-05,14.613142967224121,2954.0,349.70558151673686,,,,,
3,1,10,4,1,True,0,False,False,1.4370254297144783e-05,14.736675024032593,2954.0,349.70558151673686,,0.01937103271484375,0.4276249408721924,367.5792340475473,835.0809323222408
