,Instance,n_N,n_B,k,wL,Lazy,A4,Init,Gap,Runtime,NodeCount,ObjVal,Runtime_h,Runtime_h2,ObjVal_h,ObjVal_h2
0,0,10,2,1,0,False,False,False,3.608015645573496e-06,8.201164960861206,3312.0,342.1768006687647,,,,
1,0,10,2,1,0,False,False,True,7.8735529994107e-05,11.346499919891357,8901.0,339.66599516263943,0.006325960159301758,0.009848833084106445,481.1260524788786,968.4491397816079
2,0,10,4,1,0,False,False,False,8.949754312504438e-05,14.530828952789307,9405.0,345.8328989807517,,,,
3,0,10,4,1,0,False,False,True,4.739999659686214e-06,15.098756074905396,6081.0,341.1463870141636,0.00894308090209961,0.019077062606811523,520.360497118874,776.1466078303192
4,0,10,10,1,0,False,False,False,7.169288240225658e-06,281.0145618915558,72148.0,347.8432075289712,,,,
5,0,10,10,1,0,False,False,True,5.338918232198002e-06,75.39894104003906,27538.0,354.94816833617637,0.07340216636657715,0.05050921440124512,440.4346765969242,499.46022881685053
